[
    {
        "id":1,
        "name":"product 1",
        "price":500,
        "image":"./images/signup/Rectangle 85.png",
        "paidStatus":"paid",
        "averageReview":4.5,
        "reviews":"5k"
    },
    {
        "id":2,
        "name":"product 2",
        "price":400,
        "image":"./images/signup/Rectangle 84.png",
        "paidStatus":"paid",
        "averageReview":4.5,
        "reviews":"6k"
    },
    {
        "id":3,
        "name":"product 3",
        "price":400,
        "image":"./images/signup/Rectangle 83.png",
        "paidStatus":"paid",
        "averageReview":4.5,
        "reviews":"3k"
    },
    
    {
        "id":4,
        "name":"product 4",
        "price":400,
        "image":"./images/signup/Rectangle 85.png",
        "paidStatus":"paid",
        "averageReview":4.5,
        "reviews":"6k"
    },
    {
        "id":5,
        "name":"product 5",
        "price":400,
        "image":"./images/signup/Rectangle 83.png",
        "paidStatus":"paid",
        "averageReview":4.5,
        "reviews":"7k"
    },
    {
        "id":6,
        "name":"product 6",
        "price":900,
        "image":"./images/signup/Rectangle 84.png",
        "paidStatus":"paid",
        "averageReview":4.5,
        "reviews":"6k"
    },
    {
        "id":7,
        "name":"product 7",
        "price":400,
        "image":"./images/signup/Rectangle 85.png",
        "paidStatus":"paid",
        "averageReview":4.5,
        "reviews":"3k"
    },
    {
        "id":8,
        "name":"product 8",
        "price":900,
        "image":"./images/signup/Rectangle 84.png",
        "paidStatus":"paid",
        "averageReview":4.5,
        "reviews":"6k"
    },
    {
        "id":9,
        "name":"product 9",
        "price":300,
        "image":"./images/signup/Rectangle 83.png",
        "paidStatus":"paid",
        "averageReview":4.5,
        "reviews":"5k"
    },
    {
        "id":10,
        "name":"product 10",
        "price":400,
        "image":"./images/signup/Rectangle 85.png", 
        "paidStatus":"paid",
        "averageReview":5,
        "reviews":"3k"
    },
   
    {
        "id":11,
        "name":"product 11",
        "price":400,
        "image":"./images/signup/Rectangle 83.png",
        "paidStatus":"paid",
        "averageReview":4.5,
        "reviews":"3k"
    },
    {
        "id":12,
        "name":"product 12",
        "price":400,
        "image":"./images/signup/Rectangle 84.png",
        "paidStatus":"paid",
        "averageReview":4.5,
        "reviews":"6k" 
    }
]